<?xml version="1.0" encoding="utf-8" ?>
<extension type="package" version="4.x" method="upgrade">
 <identifier>pkg:borggique</identifier>
 <name>Borggique Package</name>
 <author>KWProductions Co.</author>
 <creationDate>April 2017</creationDate>
 <license>GNU/GPLv3 http://www.gnu.org/licenses/gpl-3.0.html</license>
 <packagename>borggique</packagename>
 <version>1.0.0</version>
 <url>http://www.myextenstions.lord121.ir</url>
 <packager>Kian William Nowrouzian</packager>
 <packagerurl>http://www.myextenstions.lord121.ir</packagerurl>
 <description><![CDATA[<div style="color:#fff; background-color:#f015d9; padding:5px;">The complete package of borggique including both component, module and plugin Enjoy!</div> ]]></description>
 <update>http://www.lord121.ir/myextenstions</update>
 <scriptfile>script.php</scriptfile>
 <files>
   <file type="component" id="com_borggique" >admin.zip</file>
   <file type="module"  client="site">modules.zip</file>
   <file type="plugin" client="site" >plugins.zip</file>

</files>
 </extension>